-- 工場設備管理システム - マスターデータ INSERT文
-- 作成日: 2024-03-15
-- 説明: 設備、ユーザー、部品等の基本マスターデータの投入スクリプト

-- 設備グループデータ
INSERT INTO EquipmentGroup (group_id, group_name, description, created_at, updated_at) VALUES
(1, '第1製造ライン', 'エンジン部品の加工・組立を行う製造ライン。高精度加工機械で構成されている。', '2024-01-15 09:00:00', '2024-01-15 09:00:00'),
(2, '第2製造ライン', 'トランスミッション部品の加工・組立を行う製造ライン。汎用加工機械で構成されている。', '2024-01-15 09:00:00', '2024-01-15 09:00:00'),
(3, '第3製造ライン', 'ブレーキ部品の加工・組立を行う製造ライン。プレス機械と溶接設備で構成されている。', '2024-01-15 09:00:00', '2024-01-15 09:00:00'),
(4, '品質検査設備', '製品の品質検査を行う検査装置群。三次元測定機、表面粗さ測定器等で構成されている。', '2024-01-15 09:00:00', '2024-01-15 09:00:00'),
(5, 'ユーティリティ設備', '工場全体のユーティリティを供給する設備群。コンプレッサー、冷却設備等で構成されている。', '2024-01-15 09:00:00', '2024-01-15 09:00:00');

-- 設備データ
INSERT INTO Equipment (equipment_id, group_id, equipment_name, equipment_type, model_number, serial_number, manufacturer, installation_date, location, status, created_at, updated_at) VALUES
(1, 1, 'CNCフライス盤#1', '加工機械', 'MF-5000A', 'MF5000A-20230101', '山田工機株式会社', '2023-03-15', '第1製造ライン A1-01', '稼働中', '2024-01-15 09:00:00', '2024-03-01 10:30:00'),
(2, 1, 'CNCフライス盤#2', '加工機械', 'MF-5000A', 'MF5000A-20230102', '山田工機株式会社', '2023-03-15', '第1製造ライン A1-02', '稼働中', '2024-01-15 09:00:00', '2024-03-01 10:30:00'),
(3, 1, '研削盤#1', '加工機械', 'GR-300B', 'GR300B-20230201', '田中精機株式会社', '2023-04-10', '第1製造ライン A1-03', '稼働中', '2024-01-15 09:00:00', '2024-03-01 10:30:00'),
(4, 2, 'NC旋盤#1', '加工機械', 'TL-400C', 'TL400C-20230301', '佐藤機械工業株式会社', '2023-05-20', '第2製造ライン B2-01', '稼働中', '2024-01-15 09:00:00', '2024-03-01 10:30:00'),
(5, 2, 'NC旋盤#2', '加工機械', 'TL-400C', 'TL400C-20230302', '佐藤機械工業株式会社', '2023-05-20', '第2製造ライン B2-02', '稼働中', '2024-01-15 09:00:00', '2024-03-01 10:30:00'),
(6, 2, 'ボール盤#1', '加工機械', 'BD-250D', 'BD250D-20230401', '鈴木工作機械株式会社', '2023-06-05', '第2製造ライン B2-03', '稼働中', '2024-01-15 09:00:00', '2024-03-01 10:30:00'),
(7, 3, 'プレス機#1', '成形機械', 'PR-800E', 'PR800E-20230501', '高橋プレス工業株式会社', '2023-07-15', '第3製造ライン C3-01', '稼働中', '2024-01-15 09:00:00', '2024-03-01 10:30:00'),
(8, 3, '溶接装置#1', '接合機械', 'WD-500F', 'WD500F-20230601', '伊藤溶接機株式会社', '2023-08-10', '第3製造ライン C3-02', '稼働中', '2024-01-15 09:00:00', '2024-03-01 10:30:00'),
(9, 3, '塗装ブース#1', '表面処理機械', 'PB-1000G', 'PB1000G-20230701', '中村塗装機械株式会社', '2023-09-05', '第3製造ライン C3-03', '稼働中', '2024-01-15 09:00:00', '2024-03-01 10:30:00'),
(10, 4, '三次元測定機#1', '検査機械', 'CM-600H', 'CM600H-20230801', '松本測定器株式会社', '2023-10-15', '品質検査室 D4-01', '稼働中', '2024-01-15 09:00:00', '2024-03-01 10:30:00'),
(11, 5, 'コンプレッサー#1', 'ユーティリティ機械', 'AC-2000I', 'AC2000I-20230901', '小川圧縮機株式会社', '2023-11-10', 'ユーティリティ棟 E5-01', '稼働中', '2024-01-15 09:00:00', '2024-03-01 10:30:00'),
(12, 5, '冷却設備#1', 'ユーティリティ機械', 'CC-1500J', 'CC1500J-20231001', '森田冷却システム株式会社', '2023-12-05', 'ユーティリティ棟 E5-02', '稼働中', '2024-01-15 09:00:00', '2024-03-01 10:30:00');

-- ユーザー役割データ
INSERT INTO UserRole (role_id, role_name, description, permissions, created_at, updated_at) VALUES
(1, 'システム管理者', 'システム全体の管理権限を持つ。ユーザー管理、システム設定、バックアップ・復旧等を実施する。', 'admin.all,user.manage,system.configure,data.export,report.all', '2024-01-15 09:00:00', '2024-01-15 09:00:00'),
(2, '設備管理者', '設備の監視・分析・設定変更権限を持つ。設備状態の監視、アラート対応、分析レポート閲覧が可能。', 'equipment.monitor,equipment.configure,alert.manage,report.view,dashboard.access', '2024-01-15 09:00:00', '2024-01-15 09:00:00'),
(3, '保全担当者', '設備の保全計画・作業管理権限を持つ。保全計画の作成、作業記録、部品管理等を実施する。', 'maintenance.plan,maintenance.work,parts.manage,equipment.monitor,report.view', '2024-01-15 09:00:00', '2024-01-15 09:00:00'),
(4, '製造オペレーター', '設備の基本監視・操作権限を持つ。設備状態の確認、簡単なアラート対応、生産実績入力が可能。', 'equipment.view,alert.view,production.input,dashboard.basic', '2024-01-15 09:00:00', '2024-01-15 09:00:00'),
(5, '品質管理者', '品質関連データの監視・分析権限を持つ。品質指標の監視、不良分析、品質レポート作成が可能。', 'quality.monitor,quality.analyze,report.quality,equipment.view,alert.quality', '2024-01-15 09:00:00', '2024-01-15 09:00:00'),
(6, '閲覧者', '読み取り専用権限を持つ。ダッシュボード閲覧、基本的なレポート確認のみ可能。', 'dashboard.view,report.basic,equipment.readonly', '2024-01-15 09:00:00', '2024-01-15 09:00:00');

-- ユーザーデータ
INSERT INTO User (user_id, role_id, username, email, full_name, department, phone_number, status, last_login, created_at, updated_at) VALUES
(1, 1, 'admin001', 'admin@yamada-mfg.co.jp', '山田 太郎', '情報システム部', '03-1234-5001', 'アクティブ', '2024-03-15 08:30:00', '2024-01-15 09:00:00', '2024-03-15 08:30:00'),
(2, 2, 'equip001', 'tanaka@yamada-mfg.co.jp', '田中 次郎', '設備管理部', '03-1234-5002', 'アクティブ', '2024-03-15 07:45:00', '2024-01-15 09:00:00', '2024-03-15 07:45:00'),
(3, 2, 'equip002', 'suzuki@yamada-mfg.co.jp', '鈴木 花子', '設備管理部', '03-1234-5003', 'アクティブ', '2024-03-15 08:15:00', '2024-01-15 09:00:00', '2024-03-15 08:15:00'),
(4, 3, 'maint001', 'sato@yamada-mfg.co.jp', '佐藤 三郎', '保全部', '03-1234-5004', 'アクティブ', '2024-03-14 17:20:00', '2024-01-15 09:00:00', '2024-03-14 17:20:00'),
(5, 3, 'maint002', 'takahashi@yamada-mfg.co.jp', '高橋 美咲', '保全部', '03-1234-5005', 'アクティブ', '2024-03-15 06:30:00', '2024-01-15 09:00:00', '2024-03-15 06:30:00'),
(6, 3, 'maint003', 'ito@yamada-mfg.co.jp', '伊藤 健一', '保全部', '03-1234-5006', 'アクティブ', '2024-03-14 18:45:00', '2024-01-15 09:00:00', '2024-03-14 18:45:00'),
(7, 4, 'oper001', 'nakamura@yamada-mfg.co.jp', '中村 洋子', '第1製造部', '03-1234-5007', 'アクティブ', '2024-03-15 06:00:00', '2024-01-15 09:00:00', '2024-03-15 06:00:00'),
(8, 4, 'oper002', 'kobayashi@yamada-mfg.co.jp', '小林 達也', '第2製造部', '03-1234-5008', 'アクティブ', '2024-03-14 22:00:00', '2024-01-15 09:00:00', '2024-03-14 22:00:00'),
(9, 4, 'oper003', 'kato@yamada-mfg.co.jp', '加藤 修二', '第3製造部', '03-1234-5009', 'アクティブ', '2024-03-15 14:30:00', '2024-01-15 09:00:00', '2024-03-15 14:30:00'),
(10, 5, 'qa001', 'matsumoto@yamada-mfg.co.jp', '松本 恵子', '品質管理部', '03-1234-5010', 'アクティブ', '2024-03-15 09:15:00', '2024-01-15 09:00:00', '2024-03-15 09:15:00'),
(11, 5, 'qa002', 'ogawa@yamada-mfg.co.jp', '小川 正雄', '品質管理部', '03-1234-5011', 'アクティブ', '2024-03-15 08:00:00', '2024-01-15 09:00:00', '2024-03-15 08:00:00'),
(12, 6, 'viewer001', 'morita@yamada-mfg.co.jp', '森田 智子', '経営企画部', '03-1234-5012', 'アクティブ', '2024-03-14 16:00:00', '2024-01-15 09:00:00', '2024-03-14 16:00:00');

-- アラート種別データ
INSERT INTO AlertType (alert_type_id, type_name, description, severity, color_code, created_at, updated_at) VALUES
(1, '高温異常', '設備の動作温度が正常範囲を超えた場合に発生するアラート', '高', '#FF4444', '2024-01-15 09:00:00', '2024-01-15 09:00:00'),
(2, '振動異常', '設備の振動レベルが正常範囲を超えた場合に発生するアラート', '中', '#FF8800', '2024-01-15 09:00:00', '2024-01-15 09:00:00'),
(3, '圧力異常', '油圧・空圧システムの圧力が正常範囲を逸脱した場合のアラート', '高', '#FF4444', '2024-01-15 09:00:00', '2024-01-15 09:00:00'),
(4, '電流異常', 'モーター電流値が正常範囲を逸脱した場合のアラート', '中', '#FF8800', '2024-01-15 09:00:00', '2024-01-15 09:00:00'),
(5, '回転数異常', '主軸・モーターの回転数が正常範囲を逸脱した場合のアラート', '中', '#FF8800', '2024-01-15 09:00:00', '2024-01-15 09:00:00'),
(6, '故障予兆', 'AI分析により検出された設備故障の予兆アラート', '中', '#FFAA00', '2024-01-15 09:00:00', '2024-01-15 09:00:00'),
(7, '保全期限', '予定された保全作業の実施期限が近づいた場合のアラート', '低', '#4488FF', '2024-01-15 09:00:00', '2024-01-15 09:00:00'),
(8, '通信エラー', 'センサーや外部システムとの通信に異常が発生した場合のアラート', '高', '#FF4444', '2024-01-15 09:00:00', '2024-01-15 09:00:00'),
(9, '品質異常', '製品品質に関わる測定値が基準を逸脱した場合のアラート', '高', '#FF0066', '2024-01-15 09:00:00', '2024-01-15 09:00:00'),
(10, '性能低下', '設備の稼働効率や性能指標が基準を下回った場合のアラート', '低', '#FFDD00', '2024-01-15 09:00:00', '2024-01-15 09:00:00');

-- 保全種別データ
INSERT INTO MaintenanceType (maintenance_type_id, type_name, description, default_duration_hours, created_at, updated_at) VALUES
(1, '定期点検', '設備の定期的な点検・清掃・調整を行う予防保全作業', 4, '2024-01-15 09:00:00', '2024-01-15 09:00:00'),
(2, '予知保全', 'AI分析結果に基づいて実施する故障予兆対応の保全作業', 8, '2024-01-15 09:00:00', '2024-01-15 09:00:00'),
(3, '緊急修理', '設備故障や重大な異常に対する緊急対応の修理作業', 12, '2024-01-15 09:00:00', '2024-01-15 09:00:00'),
(4, '部品交換', '消耗部品や故障部品の計画的な交換作業', 6, '2024-01-15 09:00:00', '2024-01-15 09:00:00'),
(5, 'オーバーホール', '設備の全面的な分解・清掃・組立・調整を行う大規模保全作業', 48, '2024-01-15 09:00:00', '2024-01-15 09:00:00'),
(6, '校正作業', '測定機器や制御装置の精度校正・キャリブレーション作業', 3, '2024-01-15 09:00:00', '2024-01-15 09:00:00'),
(7, '清掃作業', '設備の定期的な清掃・洗浄作業', 2, '2024-01-15 09:00:00', '2024-01-15 09:00:00'),
(8, '調整作業', '設備の動作パラメータや制御設定の調整・最適化作業', 4, '2024-01-15 09:00:00', '2024-01-15 09:00:00');

-- 部品データ
INSERT INTO Part (part_id, part_number, part_name, description, manufacturer, unit_cost, stock_quantity, min_stock_level, status, created_at, updated_at) VALUES
(1, 'BRG-001', '主軸ベアリング', 'CNCフライス盤主軸用高速ベアリング（NSK製）', '日本精工株式会社', 25000.0, 8, 2, '在庫有', '2024-01-15 09:00:00', '2024-03-10 14:20:00'),
(2, 'FLT-002', 'エアフィルター', '圧縮空気ラインフィルター（SMC製）', 'SMC株式会社', 3500.0, 15, 5, '在庫有', '2024-01-15 09:00:00', '2024-03-12 09:15:00'),
(3, 'OIL-003', '切削油', '水溶性切削油（20Lペール缶）', '出光興産株式会社', 8000.0, 12, 3, '在庫有', '2024-01-15 09:00:00', '2024-03-08 16:30:00'),
(4, 'BLT-004', 'Vベルト', '機械駆動用Vベルト（A型）', '三ツ星ベルト株式会社', 2200.0, 20, 6, '在庫有', '2024-01-15 09:00:00', '2024-03-11 11:45:00'),
(5, 'SLV-005', 'オイルシール', '回転軸用オイルシール（NOK製）', 'NOK株式会社', 1800.0, 25, 8, '在庫有', '2024-01-15 09:00:00', '2024-03-09 13:20:00'),
(6, 'GRD-006', '研削砥石', 'アルミナ研削砥石（直径300mm）', '日本研紙株式会社', 15000.0, 6, 2, '在庫有', '2024-01-15 09:00:00', '2024-03-13 08:10:00'),
(7, 'CUT-007', 'エンドミル', '超硬エンドミル φ12mm（OSG製）', 'オーエスジー株式会社', 4500.0, 30, 10, '在庫有', '2024-01-15 09:00:00', '2024-03-14 15:25:00'),
(8, 'DRL-008', 'ドリル', 'ハイスドリル φ8mm（不二越製）', '株式会社不二越', 800.0, 50, 15, '在庫有', '2024-01-15 09:00:00', '2024-03-07 12:40:00'),
(9, 'HYD-009', '作動油', '油圧作動油 VG46（20Lペール缶）', '昭和シェル石油株式会社', 12000.0, 8, 2, '在庫有', '2024-01-15 09:00:00', '2024-03-06 17:15:00'),
(10, 'SNS-010', '温度センサー', 'K型熱電対温度センサー（オムロン製）', 'オムロン株式会社', 6500.0, 12, 4, '在庫有', '2024-01-15 09:00:00', '2024-03-05 10:50:00'),
(11, 'ELC-011', '制御基板', 'PLC制御基板（三菱電機製）', '三菱電機株式会社', 85000.0, 3, 1, '在庫有', '2024-01-15 09:00:00', '2024-03-04 14:35:00'),
(12, 'CBL-012', '制御ケーブル', '耐油性制御ケーブル 4芯×2.0sq', '古河電気工業株式会社', 500.0, 100, 30, '在庫有', '2024-01-15 09:00:00', '2024-03-03 09:25:00');

-- 通知種別データ
INSERT INTO NotificationType (notification_type_id, type_name, description, created_at, updated_at) VALUES
(1, '緊急アラート', '重大な設備異常や故障に関する緊急通知', '2024-01-15 09:00:00', '2024-01-15 09:00:00'),
(2, '保全リマインダー', '予定されている保全作業の事前リマインダー通知', '2024-01-15 09:00:00', '2024-01-15 09:00:00'),
(3, 'レポート配信', '定期的な分析レポートの自動配信通知', '2024-01-15 09:00:00', '2024-01-15 09:00:00'),
(4, 'システム通知', 'システムメンテナンスやアップデートに関する通知', '2024-01-15 09:00:00', '2024-01-15 09:00:00'),
(5, '作業完了通知', '保全作業や修理作業の完了通知', '2024-01-15 09:00:00', '2024-01-15 09:00:00'),
(6, '在庫不足警告', '部品在庫が最小在庫レベルを下回った場合の警告通知', '2024-01-15 09:00:00', '2024-01-15 09:00:00'),
(7, '品質異常通知', '製品品質に関わる異常の発生通知', '2024-01-15 09:00:00', '2024-01-15 09:00:00'),
(8, 'AI予測通知', 'AI分析による故障予測結果の通知', '2024-01-15 09:00:00', '2024-01-15 09:00:00');

-- 外部システムデータ
INSERT INTO ExternalSystem (system_id, system_name, system_type, connection_string, api_endpoint, authentication_type, status, last_sync, created_at, updated_at) VALUES
(1, '生産管理システム', 'ERP', 'Server=erp-db.yamada-mfg.local;Database=ProductionDB;Integrated Security=true', 'https://erp.yamada-mfg.local/api/v1', 'Bearer Token', '接続中', '2024-03-15 09:30:00', '2024-01-15 09:00:00', '2024-03-15 09:30:00'),
(2, '製造実行システム', 'MES', 'Server=mes-db.yamada-mfg.local;Database=MESDB;Integrated Security=true', 'https://mes.yamada-mfg.local/api/v2', 'API Key', '接続中', '2024-03-15 09:25:00', '2024-01-15 09:00:00', '2024-03-15 09:25:00'),
(3, 'SCADA制御システム', 'SCADA', 'tcp://scada.yamada-mfg.local:502', 'opc.tcp://scada.yamada-mfg.local:4840', 'Certificate', '接続中', '2024-03-15 09:32:00', '2024-01-15 09:00:00', '2024-03-15 09:32:00'),
(4, '在庫管理システム', 'WMS', 'Server=wms-db.yamada-mfg.local;Database=WarehouseDB;User Id=wms_user;Password=***', 'https://wms.yamada-mfg.local/api/v1', 'Basic Auth', '接続中', '2024-03-15 08:45:00', '2024-01-15 09:00:00', '2024-03-15 08:45:00'),
(5, '品質管理システム', 'QMS', 'Server=qms-db.yamada-mfg.local;Database=QualityDB;Integrated Security=true', 'https://qms.yamada-mfg.local/api/v1', 'OAuth 2.0', '接続中', '2024-03-15 09:15:00', '2024-01-15 09:00:00', '2024-03-15 09:15:00'),
(6, 'エネルギー管理システム', 'EMS', 'mqtt://ems.yamada-mfg.local:1883', 'https://ems.yamada-mfg.local/api/v1', 'MQTT Credentials', '接続中', '2024-03-15 09:28:00', '2024-01-15 09:00:00', '2024-03-15 09:28:00');